{
  "urls": [
    "ch1.m4a",
    "ch1.mp3",
    "ch1.ogg"
  ],
  "sprite": {
    "musicIntroLoop": [
      0,
      8000.272108843537
    ],
    "spin": [
      9050,
      2753.0385487528333
    ],
    "prizeLand": [
      12100,
      2466.666666666667
    ],
    "winCoins": [
      15150,
      2828.5260770975055
    ],
    "cloudTransition": [
      18200,
      3598.7528344671205
    ],
    "finalTreasureChestGold": [
      22250,
      5045.396825396825
    ]
  }
}