{
  "urls": [
    "ch3.m4a",
    "ch3.mp3",
    "ch3.ogg"
  ],
  "sprite": {
    "forestAmbience": [
      0,
      11598.843537414967
    ],
    "resultsScreen": [
      12050,
      4507.3242630385475
    ],
    "prizeSelected": [
      17100,
      2138.7528344671196
    ],
    "rewardSparkle": [
      20150.000000000004,
      1176.9387755102052
    ]
  }
}