{
  "urls": [
    "ch4.m4a",
    "ch4.mp3",
    "ch4.ogg"
  ],
  "sprite": {
    "buy_ok": [
      0,
      1475.487528344671
    ],
    "grappling_AccumulatingForce": [
      2050,
      620.7936507936508
    ],
    "snowballRoll": [
      3100,
      1220.9750566893426
    ],
    "prizeSelected": [
      5150,
      2138.7528344671196
    ],
    "prizeLand": [
      8200,
      2466.666666666667
    ],
    "goatRun_faster": [
      11250,
      575.6689342403636
    ]
  }
}