{
  "urls": [
    "ch5.m4a",
    "ch5.mp3",
    "ch5.ogg"
  ],
  "sprite": {
    "arrowDown": [
      0,
      959.8639455782313
    ],
    "prizeSelected": [
      1050,
      2138.7528344671205
    ],
    "grappling_FlyingClawCatchMountain": [
      4100.000000000001,
      347.5056689342404
    ],
    "prizeLand": [
      5150,
      2466.666666666667
    ],
    "snowmanArms": [
      8200.000000000002,
      462.01814058956893
    ]
  }
}