{
  "urls": [
    "ch6.m4a",
    "ch6.mp3",
    "ch6.ogg"
  ],
  "sprite": {
    "arrowUp": [
      0,
      1159.6825396825398
    ],
    "prizeLand": [
      2050,
      2466.666666666667
    ],
    "grappling_ThrowingUp": [
      5100,
      681.8367346938778
    ],
    "prizeSelected": [
      6150,
      2138.7528344671196
    ]
  }
}