{
  "urls": [
    "ch8.m4a",
    "ch8.mp3",
    "ch8.ogg"
  ],
  "sprite": {
    "snowyAmbience": [
      0,
      23007.392290249434
    ],
    "compassSpin": [
      24050,
      1852.3356009070292
    ],
    "stoneSmash1": [
      26100,
      757.4603174603176
    ]
  }
}