{
  "urls": [
    "ch9.m4a",
    "ch9.mp3",
    "ch9.ogg"
  ],
  "sprite": {
    "climb": [
      0,
      430.3174603174603
    ],
    "stoneSmash2": [
      1050,
      1017.0294784580498
    ]
  }
}